[{"_id":"60c0d6927c3d9c2054fa94b6","name":"Rahul Pandey","email":"rahul.pandey@vdx.tv","password":"$2a$10$oPCgfPZ5mvurNrl2aucI1ef4jblsA9CLSoHpA3i.eh1KR/3yKT6rO","avatar":"//www.gravatar.com/avatar/834e298914002f42a56e33a65569d46e?s=200&r=pg&d=mm","type":"manager","designation":"Manager","data":{"2021":[{"quarter":"Q1","values":[],"extraFeedback":[],"manager":"","zone":"US (West Coast)","pushBack":{"reason":"","comment":"","count":0},"prevFeedback":{"arr":[],"manager":""},"publish":false},{"quarter":"Q2","values":[],"extraFeedback":[],"manager":"","zone":"US (West Coast)","pushBack":{"reason":"","comment":"","count":0},"prevFeedback":{"arr":[],"manager":""},"publish":false},{"quarter":"Q3","values":[],"extraFeedback":[],"manager":"","zone":"US (East Coast-2)","pushBack":{"reason":"","comment":"","count":0},"prevFeedback":{"arr":[],"manager":""},"publish":false},{"quarter":"Q4","values":[],"extraFeedback":[],"manager":"","zone":"US (West Coast)","pushBack":{"reason":"","comment":"","count":0},"prevFeedback":{"arr":[],"manager":""},"publish":false}],"2022":[{"quarter":"Q1","values":[],"extraFeedback":[],"manager":"","zone":"US (East Coast-2)","pushBack":{"reason":"","comment":"","count":0},"prevFeedback":{"arr":[],"manager":""},"publish":false},null,null,null]},"__v":0},{"_id":"60c0da487c3d9c2054fa94b7","name":"Akshay Kaushik","email":"akshay.kaushik@vdx.tv","password":"$2a$10$Fj4kDKsZJ4SP/Ua4qNBNdOvj36BLg6lv0HI42MdnHnBjU/DdM1PVu","avatar":"//www.gravatar.com/avatar/3e97115a889eccfbe0a2c5a280a5666c?s=200&r=pg&d=mm","type":"manager","designation":"Assistant Manager","data":{"2021":[{"quarter":"Q1","values":[],"extraFeedback":[],"manager":"","zone":"APAC (SEA, AU, NZ)","pushBack":{"reason":"","comment":"","count":0},"prevFeedback":{"arr":[],"manager":""},"publish":false},{"quarter":"Q2","values":[],"extraFeedback":[],"manager":"","zone":"APAC (IND, ME)","pushBack":{"reason":"","comment":"","count":0},"prevFeedback":{"arr":[],"manager":""},"publish":false},{"quarter":"Q3","values":[],"extraFeedback":[],"manager":"","zone":"APAC (IND, ME)","pushBack":{"reason":"","comment":"","count":0},"prevFeedback":{"arr":[],"manager":""},"publish":false},{"quarter":"Q4","values":[],"extraFeedback":[],"manager":"","zone":"APAC (SEA, AU, NZ)","pushBack":{"reason":"","comment":"","count":0},"prevFeedback":{"arr":[],"manager":""},"publish":false}],"2022":[{"quarter":"Q1","values":[],"extraFeedback":[],"manager":"","zone":"APAC (SEA, AU, NZ)","pushBack":{"reason":"","comment":"","count":0},"prevFeedback":{"arr":[],"manager":""},"publish":false},null,null,null]},"__v":0},{"_id":"60c0da637c3d9c2054fa94b8","name":"Arun Sharma","email":"arun.sharma@vdx.tv","password":"$2a$10$3ey7j2ISseKVD1ljw43YYeB5qnGaOZ8fKUv3SyAl1YD3TokmWZ0xK","avatar":"//www.gravatar.com/avatar/1d4a7601f14ecc41d4e998e894fd505a?s=200&r=pg&d=mm","type":"manager","designation":"Manager","data":{"2021":[{"quarter":"Q1","values":[],"extraFeedback":[],"manager":"","zone":"APAC (IND, ME, SA)","pushBack":{"reason":"","comment":"","count":0},"prevFeedback":{"arr":[],"manager":""},"publish":false},{"quarter":"Q2","values":[],"extraFeedback":[],"manager":"","zone":"EU (SP, FR, UK, NDL, SA)","pushBack":{"reason":"","comment":"","count":0},"prevFeedback":{"arr":[],"manager":""},"publish":false},{"quarter":"Q3","values":[],"extraFeedback":[],"manager":"","zone":"EU (SP, FR, UK, NDL, SA)","pushBack":{"reason":"","comment":"","count":0},"prevFeedback":{"arr":[],"manager":""},"publish":false},{"quarter":"Q4","values":[],"extraFeedback":[],"manager":"","zone":"EU (SP, FR, UK, NDL, SA)","pushBack":{"reason":"","comment":"","count":0},"prevFeedback":{"arr":[],"manager":""},"publish":false}],"2022":[{"quarter":"Q1","values":[],"extraFeedback":[],"manager":"","zone":"US (East Coast-1)","pushBack":{"reason":"","comment":"","count":0},"prevFeedback":{"arr":[],"manager":""},"publish":false},null,null,null]},"__v":0},{"_id":"60c0da897c3d9c2054fa94b9","name":"Amandeep Singh","email":"amandeep.singh@vdx.tv","password":"$2a$10$70fqfFBFDyoXPhYbFsGXxuYgES9ZkcKLJj9NO21DISlZ5HAt5I9qO","avatar":"//www.gravatar.com/avatar/7e96bdecf22cdb83cce6b7afba0d96f7?s=200&r=pg&d=mm","type":"manager","designation":"Manager","data":{"2021":[{"quarter":"Q1","values":[],"extraFeedback":[],"manager":"","zone":"US (East Coast)","pushBack":{"reason":"","comment":"","count":0},"prevFeedback":{"arr":[],"manager":""},"publish":false},{"quarter":"Q2","values":[],"extraFeedback":[],"manager":"","zone":"APAC (SEA, AU, NZ)","pushBack":{"reason":"","comment":"","count":0},"prevFeedback":{"arr":[],"manager":""},"publish":false},{"quarter":"Q3","values":[],"extraFeedback":[],"manager":"","zone":"APAC (SEA, AU, NZ)","pushBack":{"reason":"","comment":"","count":0},"prevFeedback":{"arr":[],"manager":""},"publish":false},{"quarter":"Q4","values":[],"extraFeedback":[],"manager":"","zone":"APAC (IND, ME)","pushBack":{"reason":"","comment":"","count":0},"prevFeedback":{"arr":[],"manager":""},"publish":false}],"2022":[{"quarter":"Q1","values":[],"extraFeedback":[],"manager":"","zone":"APAC (IND, ME)","pushBack":{"reason":"","comment":"","count":0},"prevFeedback":{"arr":[],"manager":""},"publish":false},null,null,null]},"__v":0},{"_id":"60c0daa17c3d9c2054fa94ba","name":"Ambrish Kaushik","email":"ambrish.kaushik@vdx.tv","password":"$2a$10$fjFRIFb3mA6jEQ5Am.0fY.B1icVGyw2B8VBRfI.dF6.Y5Q0PT9dnq","avatar":"//www.gravatar.com/avatar/ed16893a6ff2940c96b6a183a34ebc9d?s=200&r=pg&d=mm","type":"manager","designation":"Manager","data":{"2021":[{"quarter":"Q1","values":[],"extraFeedback":[],"manager":"","zone":"EU (SP, FR, UK, NDL)","pushBack":{"reason":"","comment":"","count":0},"prevFeedback":{"arr":[],"manager":""},"publish":false},{"quarter":"Q2","values":[],"extraFeedback":[],"manager":"","zone":"US (East Coast)","pushBack":{"reason":"","comment":"","count":0},"prevFeedback":{"arr":[],"manager":""},"publish":false},{"quarter":"Q3","values":[],"extraFeedback":[],"manager":"","zone":"US (East Coast-1)","pushBack":{"reason":"","comment":"","count":0},"prevFeedback":{"arr":[],"manager":""},"publish":false},{"quarter":"Q4","values":[],"extraFeedback":[],"manager":"","zone":"US (East Coast-1)","pushBack":{"reason":"","comment":"","count":0},"prevFeedback":{"arr":[],"manager":""},"publish":false}],"2022":[{"quarter":"Q1","values":[],"extraFeedback":[],"manager":"","zone":"EU (SP, FR, UK, NDL, SA)","pushBack":{"reason":"","comment":"","count":0},"prevFeedback":{"arr":[],"manager":""},"publish":false},null,null,null]},"__v":0},{"_id":"60c0db397c3d9c2054fa94bb","name":"Yogesh Arora","email":"yogesh.arora1@vdx.tv","password":"$2a$10$tH4Of4YXzuGw5hxfu19UlO8vD7nN5r6dVVJ41lwCX212D5Qd/vj1O","avatar":"//www.gravatar.com/avatar/109c4ee9f9f1fb23c9e78911c8ca9134?s=200&r=pg&d=mm","type":"admin","designation":"Manager","data":{"2021":[],"2022":[null,null,null,null]},"__v":0},{"_id":"60c0db6c7c3d9c2054fa94bc","name":"Saibal Roy","email":"saibal.roy@vdx.tv","password":"$2a$10$gSfxfY8g6OU04.1r0uPXy.zinyf88oaTmF8ewfLmjGjvPlVTF7Dhi","avatar":"//www.gravatar.com/avatar/351da8bdaed1428fa4592c6f59d44c70?s=200&r=pg&d=mm","type":"admin","designation":"Manager","data":{"2021":[null],"2022":[null,null,null,null]},"__v":0},{"_id":"60c73baa5908661804885cd4","name":"pushpen15singh","email":"pushpen15singh@gmail.com","password":"$2a$10$uJFgjQsf18NoHrSCKv/r1ufQWT/VYmTyRJ81gTXJ1uxMkM0jOt7kC","avatar":"//www.gravatar.com/avatar/c4171ea412534ec40c125799d9ab2622?s=200&r=pg&d=mm","type":"super","designation":"Manager","data":{"2021":[null],"2022":[null,null,null,null]},"secretQst":{"qst":"your pet name","answer":"lobo"},"__v":0},{"_id":"61950d00ec387c85102aa215","name":"Shishir Pandey","email":"shishir.pandey@vdx.tv","password":"$2a$10$bZKzQn8fRcqGJtkjlHU5puKAM1c2j.ItmsSPioUTo6SYdbdRcsnbC","avatar":"//www.gravatar.com/avatar/39622862f3bf5aa48c9347060467803a?s=200&r=pg&d=mm","type":"manager","designation":"Assistant Manager","created":"1637158144659","data":{"2021":[null,null,null,{"quarter":"Q4","values":[],"extraFeedback":[],"manager":"","zone":"US (East Coast-2)","pushBack":{"reason":"","comment":"","count":0},"prevFeedback":{"arr":[],"manager":""},"publish":false}],"2022":[{"quarter":"Q1","values":[],"extraFeedback":[],"manager":"","zone":"US (West Coast)","pushBack":{"reason":"","comment":"","count":0},"prevFeedback":{"arr":[],"manager":""},"publish":false},null,null,null]},"secretQst":{"qst":"your pet name","answer":"shishir"},"__v":0}]